reviewr_name,reviewr_url,store_id,store_name,store_address,store_genre,store_tellnum,store_closedday,store_homepage,store_dinner_price_range,store_lunch_price_range,store_score
食いしん坊★隊長(22),https://tabelog.com/rvwr/001332854/,1,風凛,埼玉県川越市仲町6-4 ,"寿司、懐石・会席料理
",-,水曜日,,"￥6,000～￥7,999","￥2,000～￥2,999",3.55
食いしん坊★隊長(22),https://tabelog.com/rvwr/001332854/,2,菊善,北海道山越郡長万部町長万部447-29 ,"寿司
",-,水曜日（祝日除く）、１２月３１日、元日,http://sushi-kikuzen.com/,-,"￥1,000～￥1,999",3.33
食いしん坊★隊長(22),https://tabelog.com/rvwr/001332854/,3,エッグスンシングス さいたま新都心店,埼玉県さいたま市大宮区吉敷町4-263-1 コクーンシティコクーン2　1F,"パンケーキ、ハワイ料理、カフェ
",-,施設休館日に準ずる,http://www.eggsnthingsjapan.com/,"￥1,000～￥1,999","￥1,000～￥1,999",3.23
食いしん坊★隊長(22),https://tabelog.com/rvwr/001332854/,4,聘珍茶寮・ザ・カフェ 中華街店,神奈川県横浜市中区山下町143 ,"カフェ、中国茶専門店
",-,火曜日,http://www.heichin.com,～￥999,"￥1,000～￥1,999",3.34
食いしん坊★隊長(22),https://tabelog.com/rvwr/001332854/,5,ちゅう心,茨城県東茨城郡大洗町磯浜町987 ,"魚介料理・海鮮料理、寿司、あんこう
",-,火曜・月1回水曜不定休,http://www.oarai-info.jp/page/page000106.html,"￥3,000～￥3,999","￥2,000～￥2,999",3.65
食いしん坊★隊長(22),https://tabelog.com/rvwr/001332854/,6,連絡船うどん,香川県高松市浜ノ町1-20 ＪＲ高松駅,"うどん、寿司、天ぷら・揚げ物（その他）
",-,無休,http://www.merikenya.com/,～￥999,～￥999,3.39
食いしん坊★隊長(22),https://tabelog.com/rvwr/001332854/,7,薬膳スープカレー・シャナイア,東京都目黒区三田1-5-5 猫のあじと,"スープカレー、カレーライス、アジア・エスニック料理（その他）
",-,日曜、月曜,http://www.nekoaji.net/shania/index.html,"￥2,000～￥2,999","￥1,000～￥1,999",3.63
食いしん坊★隊長(22),https://tabelog.com/rvwr/001332854/,8,一福鮨,埼玉県朝霞市西弁財2-3-2 鈴也ビル 1F,"寿司
",-,月曜日,,"￥8,000～￥9,999","￥3,000～￥3,999",3.67
食いしん坊★隊長(22),https://tabelog.com/rvwr/001332854/,9,エルムガーデン,北海道札幌市中央区南十三条西23-5-10 ,"懐石・会席料理、和食（その他）、魚介料理・海鮮料理
",-,火曜日,http://elm.cc/,"￥10,000～￥14,999","￥4,000～￥4,999",3.58
食いしん坊★隊長(22),https://tabelog.com/rvwr/001332854/,10,夕張ラーメン,北海道夕張市末広1丁目81 夕張屋台村内,"ラーメン
",-,年中無休,,-,～￥999,3.23
食いしん坊★隊長(22),https://tabelog.com/rvwr/001332854/,11,パティスリー・サト,埼玉県川越市砂新田1-14-26 ,"ケーキ、パン
",-,水曜日(不定休有),http://patisseriesatokawagoe.jimdo.com/,-,"￥1,000～￥1,999",3.36
食いしん坊★隊長(22),https://tabelog.com/rvwr/001332854/,12,正泰苑 ららぽーと豊洲店,東京都江東区豊洲2-4-9 アーバンドックららぽーと豊洲 3F,"焼肉、ホルモン
",-,不定休(アーバンドックららぽーと豊洲に準ずる),https://www.syoutaien.com/,"￥10,000～￥14,999","￥1,000～￥1,999",3.35
食いしん坊★隊長(22),https://tabelog.com/rvwr/001332854/,13,パティスリー・サダハル・アオキ・パリ 渋谷ヒカリエ ShinQs店,東京都渋谷区渋谷2-21-1 渋谷ヒカリエ ShinQs B2F,"ケーキ、パン、マカロン
",-,不定休,http://www.sadaharuaoki.jp/,"￥1,000～￥1,999","￥3,000～￥3,999",3.51
食いしん坊★隊長(22),https://tabelog.com/rvwr/001332854/,14,山本のハンバーグ 渋谷食堂,東京都渋谷区渋谷3-6-18 第4矢木ビル 1F,"ハンバーグ、洋食、定食・食堂
",-,無休(年末年始は12/31、1/1はお休みです。他は営業しております。,https://yamahan-shibuya.com/takeout/,"￥1,000～￥1,999","￥1,000～￥1,999",3.30
食いしん坊★隊長(22),https://tabelog.com/rvwr/001332854/,15,アラビカ京都 嵐山,京都府京都市右京区嵯峨天龍寺芒ノ馬場町3-47 ,"コーヒー専門店、カフェ・喫茶（その他）
",-,不定休,http://www.arabica.coffee/,-,～￥999,3.56
食いしん坊★隊長(22),https://tabelog.com/rvwr/001332854/,16,SNOOPY 茶屋 京都・錦店,京都府京都市中京区錦小路柳馬場西入中魚屋町480 ,"カフェ、和菓子
",-,年中無休,http://www.snoopychaya.jp/,-,"￥1,000～￥1,999",3.41
食いしん坊★隊長(22),https://tabelog.com/rvwr/001332854/,17,551蓬莱 JR京都駅店,京都府京都市下京区東塩小路町901 京都駅ビル内,"肉まん・中華まん、飲茶・点心
",-,無休,https://www.551horai.co.jp/,～￥999,～￥999,3.44
食いしん坊★隊長(22),https://tabelog.com/rvwr/001332854/,18,名古屋名物 みそかつ 矢場とん 名古屋駅エスカ店,愛知県名古屋市中村区椿町6-9 エスカ地下街,"とんかつ、かつ丼・かつ重、串揚げ・串かつ
",-,不定休（エスカに準ずる）,http://www.yabaton.com/,"￥1,000～￥1,999","￥1,000～￥1,999",3.48
食いしん坊★隊長(22),https://tabelog.com/rvwr/001332854/,19,清水 順正 おかべ家,京都府京都市東山区清水2丁目 清水寺門前,"豆腐料理・湯葉料理、京料理、しゃぶしゃぶ
",-,不定休,http://www.okabeya.com/index.html,"￥2,000～￥2,999","￥2,000～￥2,999",3.46
食いしん坊★隊長(22),https://tabelog.com/rvwr/001332854/,20,あらた,京都府京都市南区西九条院町24-4 ,"お好み焼き、鉄板焼き
",-,日曜日,http://aquadina.com/kyoto/spot/2529/,"￥5,000～￥5,999",-,3.53
食いしん坊★隊長(22),https://tabelog.com/rvwr/001332854/,21,富良野チーズ工房,北海道富良野市中五区 ,"その他
",-,年末年始　１１月末４日間,http://www.furano-cheese.jp/,-,～￥999,3.25
食いしん坊★隊長(22),https://tabelog.com/rvwr/001332854/,22,キッチンファーム エフズ ゲート,北海道富良野市北の峰町9-1 ,"定食・食堂、ハンバーグ、ソフトクリーム
",-,木曜日（祝日の際、営業）,http://fs-gate.com,-,"￥1,000～￥1,999",3.17
食いしん坊★隊長(22),https://tabelog.com/rvwr/001332854/,23,くまげら,北海道富良野市日の出町3-22 ,"和食（その他）、郷土料理（その他）、カレーライス
",-,水曜日,,"￥2,000～￥2,999","￥1,000～￥1,999",3.56
食いしん坊★隊長(22),https://tabelog.com/rvwr/001332854/,24,味処 喜作,鹿児島県指宿市湊2-1-41 ,"郷土料理（その他）
",-,火曜日,,"￥4,000～￥4,999",-,3.32
食いしん坊★隊長(22),https://tabelog.com/rvwr/001332854/,25,悠久,茨城県東茨城郡大洗町磯浜町173-2 ,"寿司、魚介料理・海鮮料理、海鮮丼
",-,水曜,,"￥2,000～￥2,999","￥1,000～￥1,999",3.64
食いしん坊★隊長(22),https://tabelog.com/rvwr/001332854/,26,すし屋のやま八,鹿児島県霧島市国分中央1丁目26-31 ,"寿司、魚介料理・海鮮料理
",-,日曜日月曜日,,"￥4,000～￥4,999",-,3.67
食いしん坊★隊長(22),https://tabelog.com/rvwr/001332854/,27,ひょうたん寿司,福岡県福岡市中央区天神2-10-20 ２Ｆ・３Ｆ,"寿司
",-,無休,,"￥8,000～￥9,999","￥2,000～￥2,999",3.59
食いしん坊★隊長(22),https://tabelog.com/rvwr/001332854/,28,清流山水花 あゆの里,熊本県人吉市九日町30番地 ,"旅館
",-,不定休　※予約状況によりご利用いただけない場合もございます。,,"￥8,000～￥9,999",-,3.68
食いしん坊★隊長(22),https://tabelog.com/rvwr/001332854/,29,おむすび村 本店,福岡県福岡市博多区中洲3-4-2 ,"おにぎり、おでん、和食（その他）
",-,日曜・祝日,,"￥1,000～￥1,999",-,3.54
食いしん坊★隊長(22),https://tabelog.com/rvwr/001332854/,30,北海道知床標津 いくら丼うえだ ららぽーと新三郷店,埼玉県三郷市新三郷ららシティ3-1-1 ららぽーと新三郷 2F 2930,"海鮮丼、うどん
",-,ららぽーとに準ずる,http://www.sibetsu-ikuradon-ueda.com/,～￥999,～￥999,3.36
食いしん坊★隊長(22),https://tabelog.com/rvwr/001332854/,31,山の茶屋,埼玉県飯能市大字下名栗917-1 ,"割烹・小料理、郷土料理（その他）
",-,第一、第三火曜日及び毎週水曜日,http://www.taishoukaku.com/07_yamanochaya/index.html,"￥4,000～￥4,999","￥2,000～￥2,999",3.19
食いしん坊★隊長(22),https://tabelog.com/rvwr/001332854/,32,BAKERY ENGLAND STREET,埼玉県所沢市山口5168 ,"パン、カフェ、洋菓子（その他）
",-,月曜日(月に1回火曜不定休),http://www.england-st.com/index.html,-,～￥999,3.52
食いしん坊★隊長(22),https://tabelog.com/rvwr/001332854/,33,Neco,埼玉県行田市門井町1-12-10 ,"スープカレー、カレーライス、カレー（その他）
",-,水曜日,,～￥999,～￥999,-
食いしん坊★隊長(22),https://tabelog.com/rvwr/001332854/,34,Cafe Mugiwara,東京都港区芝公園4-2-8 東京タワー フットタウン 1F 東京ワンピースタワー,"カフェ
",-,不定休,https://onepiecetower.tokyo/shop/cafe,"￥2,000～￥2,999","￥1,000～￥1,999",3.24
食いしん坊★隊長(22),https://tabelog.com/rvwr/001332854/,35,シナモンズ,東京都渋谷区神宮前5-13-2 パインアンダーフラット B1階,"パンケーキ、ハワイ料理、ダイニングバー
",-,不定休,http://www.cinnamonstokyo.com/,～￥999,"￥1,000～￥1,999",3.53
食いしん坊★隊長(22),https://tabelog.com/rvwr/001332854/,36,こうや 仙台駅中すし通り店,宮城県仙台市青葉区中央1-1-1 JR仙台駅 3F,"寿司、魚介料理・海鮮料理、懐石・会席料理
",022-721-0371,年中無休,http://www.sushikouya.com,"￥4,000～￥4,999","￥1,000～￥1,999",3.46
食いしん坊★隊長(22),https://tabelog.com/rvwr/001332854/,37,お食事処濱乃家,北海道山越郡長万部町大町17-15 ,"魚介料理・海鮮料理、寿司、ラーメン
",-,年末年始,,-,"￥1,000～￥1,999",3.21
食いしん坊★隊長(22),https://tabelog.com/rvwr/001332854/,38,ラッキーピエロ 十字街銀座店,北海道函館市末広町8-11 ,"ハンバーガー、かつ丼・かつ重、カレーライス
",-,年中無休,http://www.luckypierrot.jp/,～￥999,～￥999,3.35
食いしん坊★隊長(22),https://tabelog.com/rvwr/001332854/,39,パンプルムゥス 盛岡店,岩手県盛岡市大通2-7-20 ウエダビル 2F,"カフェ、スイーツ（その他）、喫茶店
",-,8/7からしばらくの間、お休みさせていただきます。,http://akashia-mitsubachi-youhoujou.com/feature/,～￥999,～￥999,3.25
食いしん坊★隊長(22),https://tabelog.com/rvwr/001332854/,40,ずんだ茶寮 仙台駅西口店,宮城県仙台市青葉区中央1-1-1 Dila仙台 1F,"和菓子、ケーキ、カフェ
",-,無休,,～￥999,-,3.52
食いしん坊★隊長(22),https://tabelog.com/rvwr/001332854/,41,すし処 三國,青森県青森市新町1-3-7 フェスティバルシティ アウガ B1F,"寿司、海鮮丼
",-,不定休（アウガに準ずる）,http://www.auga.aomori.jp/shinsen/tenpo69.html,-,"￥1,000～￥1,999",3.49
食いしん坊★隊長(22),https://tabelog.com/rvwr/001332854/,42,鮨処 江戸松,北海道函館市谷地頭町25-19 ,"寿司
",-,水曜,,"￥5,000～￥5,999",-,3.40
食いしん坊★隊長(22),https://tabelog.com/rvwr/001332854/,43,ラッキーピエロ マリーナ末広店,北海道函館市末広町14-17 ,"ハンバーガー、かつ丼・かつ重、カレーライス
",-,無休,http://www.luckypierrot.jp/index.html,～￥999,～￥999,3.41
食いしん坊★隊長(22),https://tabelog.com/rvwr/001332854/,44,カフェ パンプルムゥス 仙台,宮城県仙台市青葉区中央1-7-18 日吉第一ビル 3F,"カフェ、スイーツ（その他）、喫茶店
",-,火曜・水曜定休,http://akashia-mitsubachi-youhoujou.com/,"￥1,000～￥1,999","￥1,000～￥1,999",3.52
食いしん坊★隊長(22),https://tabelog.com/rvwr/001332854/,45,茶房 菊泉,北海道函館市元町14-5 ,"甘味処、カフェ、郷土料理（その他）
",-,木曜日（祝日の場合は営業）,,～￥999,～￥999,3.40
食いしん坊★隊長(22),https://tabelog.com/rvwr/001332854/,46,あおぞら銭函3丁め,北海道小樽市銭函3丁目509-6 ,"餃子、喫茶店、中国茶専門店
",-,月・火曜日（祝日の月曜もお休みです）,https://aozoragyouza.com/,"￥1,000～￥1,999","￥1,000～￥1,999",3.53
食いしん坊★隊長(22),https://tabelog.com/rvwr/001332854/,47,福助,富山県富山市新富町1-3-22 ,"寿司
",-,日曜日(市場が休みのため),,-,～￥999,3.36
食いしん坊★隊長(22),https://tabelog.com/rvwr/001332854/,48,きのとや 新千歳空港店,北海道千歳市美々 新千歳空港 国内線ターミナルビル 2F,"ケーキ、ソフトクリーム
",-,年中無休,http://www.kinotoya.com/shop/chitose.html,～￥999,～￥999,3.54
食いしん坊★隊長(22),https://tabelog.com/rvwr/001332854/,49,北一ホール,北海道小樽市堺町7-26 北一硝子三号館,"喫茶店、ケーキ、定食・食堂
",-,元日,http://www.kitaichiglass.co.jp/shop/kitaichihall.html,"￥1,000～￥1,999",～￥999,3.52
食いしん坊★隊長(22),https://tabelog.com/rvwr/001332854/,50,六緑,東京都港区六本木6-10-3 六本木ヒルズ グランド ハイアット 東京 6F,"寿司、魚介料理・海鮮料理、和食（その他）
",03-4333-8788,月・火曜日,https://www.tokyo.grand.hyatt.co.jp/restaurants/roku-roku-restaurant/,"￥20,000～￥29,999","￥10,000～￥14,999",3.51
食いしん坊★隊長(22),https://tabelog.com/rvwr/001332854/,51,Rojiura Curry SAMURAI.  下北沢店,東京都世田谷区北沢3-31-14 ,"スープカレー、カレー（その他）、カフェ
",-,年末年始,http://samurai-curry.com/,"￥1,000～￥1,999","￥1,000～￥1,999",3.53
食いしん坊★隊長(22),https://tabelog.com/rvwr/001332854/,52,モワ カフェ,東京都世田谷区北沢2-21-26 ,"カフェ、喫茶店、ケーキ
",-,無休（年末年始要問合）,,-,～￥999,3.13
食いしん坊★隊長(22),https://tabelog.com/rvwr/001332854/,53,スープカレーGARAKU,北海道札幌市中央区南3条西2丁目7 2F,"スープカレー、バー
",-,不定休（無休）,http://www.s-garaku.com/,"￥1,000～￥1,999","￥1,000～￥1,999",3.59
食いしん坊★隊長(22),https://tabelog.com/rvwr/001332854/,54,神楽坂 前田,東京都新宿区神楽坂3-6 ,"懐石・会席料理、割烹・小料理、郷土料理（その他）
",03-6457-5020,不定休,http://maeda.kaga-ya.com,"￥15,000～￥19,999","￥4,000～￥4,999",3.42
食いしん坊★隊長(22),https://tabelog.com/rvwr/001332854/,55,割烹きむら,東京都中央区銀座7-15-4 ,"懐石・会席料理、割烹・小料理
",-,日祝,http://www.kappou-kimura.com/,-,"￥1,000～￥1,999",3.37
食いしん坊★隊長(22),https://tabelog.com/rvwr/001332854/,56,燻香廊,北海道余市郡余市町港町75-2 ,"洋食、西洋各国料理（その他）、創作料理
",-,水曜日,http://www1.ocn.ne.jp/~nanpo/,-,"￥1,000～￥1,999",3.45
食いしん坊★隊長(22),https://tabelog.com/rvwr/001332854/,57,ブラッスリー コロン ウィズ ル クルーゼ,北海道札幌市中央区南1条西2 丸井今井札幌本店 大通館 3F,"ビストロ
",-,無休(丸井今井札幌本店に準ずる),,"￥2,000～￥2,999","￥1,000～￥1,999",3.53
食いしん坊★隊長(22),https://tabelog.com/rvwr/001332854/,58,麺屋 高橋,北海道札幌市豊平区月寒東1条19-2-72 伸光ビル 1F,"つけ麺、ラーメン
",-,水曜日,https://ameblo.jp/menyatakahashi2244/,-,～￥999,3.74
食いしん坊★隊長(22),https://tabelog.com/rvwr/001332854/,59,秋本,神奈川県鎌倉市小町1-6-15 アイザ鎌倉 3F,"割烹・小料理、懐石・会席料理、天丼・天重
",0467-25-3705,木曜日,http://www.akimoto-kamakura.com,"￥1,000～￥1,999","￥1,000～￥1,999",3.54
食いしん坊★隊長(22),https://tabelog.com/rvwr/001332854/,60,佐藤珈琲,北海道札幌市中央区宮の森1条6丁目5-15 宮の森ビル1F,"コーヒー専門店、カフェ、ケーキ
",-,不定休,http://sato-coffee.jp,-,"￥1,000～￥1,999",3.50
食いしん坊★隊長(22),https://tabelog.com/rvwr/001332854/,61,珊瑚礁 本店,神奈川県鎌倉市七里ガ浜東3-1-2 ,"カレーライス、洋食、欧風カレー
",-,月曜日(祝日の場合翌日休み),http://www.sangosho.net/,"￥2,000～￥2,999","￥1,000～￥1,999",3.59
食いしん坊★隊長(22),https://tabelog.com/rvwr/001332854/,62,ソウルストア,北海道札幌市中央区北1条西18 市田ビル １F,"スープカレー、カフェ
",-,月曜日（加えて不定休あり）,http://soulstore.web.fc2.com/,"￥1,000～￥1,999","￥1,000～￥1,999",3.52
食いしん坊★隊長(22),https://tabelog.com/rvwr/001332854/,63,宇宙軒ラーメン 有珠店,北海道伊達市有珠町219-1 ,"ラーメン
",-,月曜日・他不定休あり,,"￥1,000～￥1,999",～￥999,3.21
食いしん坊★隊長(22),https://tabelog.com/rvwr/001332854/,64,神谷町ソーワ,東京都港区虎ノ門3-19-9 ,"アイスクリーム、ソフトクリーム
",-,土曜・日曜・祝日,http://sowaice.jp/,-,～￥999,3.56
食いしん坊★隊長(22),https://tabelog.com/rvwr/001332854/,65,ゾゾイ,東京都豊島区西池袋3-22-6 ,"カフェ、ケーキ
",-,火曜日、水曜日,http://zozoiandmontresor.web.fc2.com/,"￥1,000～￥1,999","￥1,000～￥1,999",3.52
食いしん坊★隊長(22),https://tabelog.com/rvwr/001332854/,66,燈の車,埼玉県狭山市中央4-24-8 ,"ラーメン、つけ麺
",-,水曜・木曜,,～￥999,-,3.54
食いしん坊★隊長(22),https://tabelog.com/rvwr/001332854/,67,俺の空 池袋店,東京都豊島区東池袋1-31-7 原ビル　１Ｆ,"ラーメン、つけ麺
",-,無休,,"￥1,000～￥1,999","￥1,000～￥1,999",3.58
食いしん坊★隊長(22),https://tabelog.com/rvwr/001332854/,68,慈げん,埼玉県熊谷市仲町45 ,"かき氷
",-,不定休,,-,"￥1,000～￥1,999",3.91
食いしん坊★隊長(22),https://tabelog.com/rvwr/001332854/,69,小樽 Ｍｕｓｅ,北海道小樽市稲穂1-11-7 ,"洋食、ハンバーグ、パスタ
",-,月曜日（祝日の場合はよく火曜日）　第４土曜日,http://www.otaru-muse.com/,"￥1,000～￥1,999","￥1,000～￥1,999",3.43
食いしん坊★隊長(22),https://tabelog.com/rvwr/001332854/,70,茶寮　をとわ,北海道札幌市中央区南一条西2丁目 丸井今井札幌本店 10F,"割烹・小料理、創作料理
",-,,,-,"￥1,000～￥1,999",3.37
食いしん坊★隊長(22),https://tabelog.com/rvwr/001332854/,71,らーめん西や 小樽駅前店,北海道小樽市稲穂3丁目10-21 昭和ビル 2F,"ラーメン
",-,水曜日,,～￥999,～￥999,3.27
食いしん坊★隊長(22),https://tabelog.com/rvwr/001332854/,72,白えび亭,富山県富山市明輪町1-220 きときと市場 とやマルシェ 1F,"天丼・天重、海鮮丼
",-,無休※元旦休業、冬季、大晦日は短縮営業,http://www.shiroebiya.co.jp/,"￥1,000～￥1,999","￥1,000～￥1,999",3.52
食いしん坊★隊長(22),https://tabelog.com/rvwr/001332854/,73,FUMUROYA CAFE 百番街店,石川県金沢市木ノ新保町1-1 金沢百番街　くつろぎ館 1F,"甘味処、郷土料理（その他）、カフェ
",-,元日,,-,"￥1,000～￥1,999",3.67
食いしん坊★隊長(22),https://tabelog.com/rvwr/001332854/,74,らー麺 京や,北海道小樽市稲穂3-4-15 ,"ラーメン
",-,水曜日、第3火曜日,,～￥999,～￥999,3.46
食いしん坊★隊長(22),https://tabelog.com/rvwr/001332854/,75,暖,群馬県吾妻郡草津町大字草津113 ,"定食・食堂、居酒屋、和食（その他）
",-,木曜日,http://www.jalan.net/ou/oup2000/ouw2001.do?spotId=guide000000175520,"￥2,000～￥2,999","￥1,000～￥1,999",3.45
食いしん坊★隊長(22),https://tabelog.com/rvwr/001332854/,76,ヴィラ ゆりむん,鹿児島県大島郡龍郷町芦徳508-1 ,"イタリアン、オーベルジュ
",-,水曜,,"￥10,000～￥14,999",-,3.07
食いしん坊★隊長(22),https://tabelog.com/rvwr/001332854/,77,チーズ&ワイン mu-ku,千葉県船橋市本町4-38-1 松岡ビル 1F,"イタリアン、ダイニングバー、ワインバー
",047-426-6909,月曜日（隔週）　※定休日の詳細は、お手数ですが、店舗までお問い合わせ下さい。,https://mu-ku-funabashi.com/,"￥4,000～￥4,999",-,3.37
食いしん坊★隊長(22),https://tabelog.com/rvwr/001332854/,78,エムディーティー カフェアンドダイニング,埼玉県川越市新富町1-12-13 アーバンビルクレアモール 1F,"カフェ、ダイニングバー、創作料理
",-,月曜日,,-,～￥999,3.03
食いしん坊★隊長(22),https://tabelog.com/rvwr/001332854/,79,ブコウスキー,埼玉県川越市石田226-4 ,"ハンバーガー
",-,不定休,https://bukowski.owst.jp/,～￥999,～￥999,3.57
食いしん坊★隊長(22),https://tabelog.com/rvwr/001332854/,80,Rojiura Curry SAMURAI. 西野店,北海道札幌市西区西野1条9丁目16-5 ,"スープカレー
",-,不定休,http://samurai-curry.com/,-,"￥1,000～￥1,999",3.24
食いしん坊★隊長(22),https://tabelog.com/rvwr/001332854/,81,市場食堂 味処たけだ,北海道小樽市稲穂3-10-16 三角市場,"魚介料理・海鮮料理、海鮮丼、かに
",0134-22-9652,元日,http://www.otaru-takeda.com/aji.html,-,"￥1,000～￥1,999",3.49
食いしん坊★隊長(22),https://tabelog.com/rvwr/001332854/,82,ふわもち邸,北海道札幌市厚別区厚別中央2条2-3-3 ,"ドーナツ、パン、カフェ
",-,月曜日・火曜日,http://www.fuwamochi-tei.com/,～￥999,～￥999,3.54
食いしん坊★隊長(22),https://tabelog.com/rvwr/001332854/,83,カリー＆カフェ SAMA 北大前店,北海道札幌市北区北16条西3-1-20 メゾンにれの樹 1F,"スープカレー、カレー（その他）、カフェ
",-,第２水曜日,http://www.hb-sama.com/,"￥1,000～￥1,999","￥1,000～￥1,999",3.15
食いしん坊★隊長(22),https://tabelog.com/rvwr/001332854/,84,かぶと,東京都豊島区池袋2-53-2 池袋ESビル 1F,"うなぎ
",-,日曜・祝日・木曜日,https://www.omakase-japan.jp/stores/10007,"￥10,000～￥14,999","￥10,000～￥14,999",4.41
食いしん坊★隊長(22),https://tabelog.com/rvwr/001332854/,85,Rojiura Curry SAMURAI. さくら店,北海道札幌市中央区南3条西6丁目1-3 ティアラ36 2F・3F,"スープカレー、カレー（その他）、カフェ
",-,不定休,http://samurai-curry.com/,"￥1,000～￥1,999","￥1,000～￥1,999",3.44
食いしん坊★隊長(22),https://tabelog.com/rvwr/001332854/,86,みつわベーカリー,東京都豊島区池袋2-16-14 ,"パン、サンドイッチ、洋菓子（その他）
",-,不定休,,～￥999,～￥999,3.65
食いしん坊★隊長(22),https://tabelog.com/rvwr/001332854/,87,Shot bar circus,埼玉県東松山市松葉町1丁目22-7 小久保ビルＢ1Ｆ,"バー、ビアバー
",-,原則火曜日と第二・第四水曜日,,"￥2,000～￥2,999",-,3.06
食いしん坊★隊長(22),https://tabelog.com/rvwr/001332854/,88,銀座 ハゲ天 札幌ステラプレイス店,北海道札幌市中央区北五条西2 札幌ステラプレイスセンター　６Ｆ,"天ぷら、天丼・天重
",-,無休,,"￥2,000～￥2,999","￥1,000～￥1,999",3.07
食いしん坊★隊長(22),https://tabelog.com/rvwr/001332854/,89,ラ・メゾン アンソレイユターブル 札幌ステラプレイス店,北海道札幌市中央区北五条西2 札幌ステラプレイスセンター　６Ｆ,"カフェ、ケーキ、西洋各国料理（その他）
",-,無休,http://www.la-maison.jp/,"￥1,000～￥1,999","￥1,000～￥1,999",3.12
食いしん坊★隊長(22),https://tabelog.com/rvwr/001332854/,90,京華樓,神奈川県横浜市中区山下町138 ,"四川料理、刀削麺、中国鍋・火鍋
",-,無休,http://www.kyokarou.com/,"￥2,000～￥2,999",～￥999,3.57
食いしん坊★隊長(22),https://tabelog.com/rvwr/001332854/,91,王府井 本店,神奈川県横浜市中区山下町191-24 ,"飲茶・点心、中華料理、台湾料理
",045-226-5717,無休（ビルのメンテナンス等による臨時休業有）,http://www.wangfujing.co.jp/,～￥999,～￥999,3.49
食いしん坊★隊長(22),https://tabelog.com/rvwr/001332854/,92,九州居酒屋ふうり,北海道札幌市北区北六条西4 札幌パセオ西側　１Ｆ,"居酒屋、もつ鍋、バイキング
",-,なし（年中無休）／パセオに準ず／２０２２年１月１日,http://www.amage.co.jp/,"￥2,000～￥2,999",～￥999,3.38
食いしん坊★隊長(22),https://tabelog.com/rvwr/001332854/,93,新杵 みちくさ餅 東京ソラマチ店,東京都墨田区押上1-1-2 東京ソラマチ 1F,"和菓子、かき氷
",-,ソラマチに準じる。,http://www.shinkine.co.jp/,～￥999,～￥999,3.51
食いしん坊★隊長(22),https://tabelog.com/rvwr/001332854/,94,中華そば専門 田中そば店 ダイバーシティ東京プラザ店,東京都江東区青海1-1-10 ダイバーシティ東京プラザ フードコート内 2F,"ラーメン
",-,年中無休（※但しダイバーシティ東京プラザに準ずる）,http://www.tanaka-shoten.net/,～￥999,～￥999,3.63
食いしん坊★隊長(22),https://tabelog.com/rvwr/001332854/,95,パールレディ 川越店,埼玉県川越市脇田町105 アトレマルヒロ 1F,"スイーツ（その他）
",-,無休(施設に準ず),http://www.pearllady.jp/index.html,-,～￥999,3.01
食いしん坊★隊長(22),https://tabelog.com/rvwr/001332854/,96,TOKYO豚骨BASE MADE by博多一風堂 池袋店,東京都豊島区南池袋1-28-2 JR池袋駅,"ラーメン、つけ麺
",-,無休,http://www.nre.co.jp/Portals/0/shop/ttb/shop.html,～￥999,～￥999,3.41
食いしん坊★隊長(22),https://tabelog.com/rvwr/001332854/,97,札幌 Fuji屋,北海道札幌市中央区南4条西3丁目 No.1グリーンビル 1F,"ラーメン、つけ麺、餃子
",-,日曜日、年末年始、月1不定休日あり,,～￥999,-,3.61
食いしん坊★隊長(22),https://tabelog.com/rvwr/001332854/,98,ひいき屋,埼玉県さいたま市大宮区桜木町2-159-2 １Ｆ,"洋食、イタリアン、バル・バール
",-,毎週月曜日　※祝祭日の場合は翌火曜日にお休みをいただきます。,,"￥4,000～￥4,999",-,3.48
食いしん坊★隊長(22),https://tabelog.com/rvwr/001332854/,99,麺処 晴,東京都台東区下谷1-11-7 ,"ラーメン
",-,不定休（Twitter確認すべし！),,～￥999,～￥999,3.79
食いしん坊★隊長(22),https://tabelog.com/rvwr/001332854/,100,大涌谷観光センター 黒玉子茶屋,神奈川県足柄下郡箱根町仙石原1251 ,"レストラン（その他）、自然食
",-,,http://www.owakudani.com/kurotamago_chaya,-,～￥999,3.52
食いしん坊★隊長(22),https://tabelog.com/rvwr/001332854/,101,田むら銀かつ亭 本店,神奈川県足柄下郡箱根町強羅1300-739 ,"とんかつ、かつ丼・かつ重、豆腐料理・湯葉料理
",-,水曜日、火曜日夜の部,http://www.ginkatsutei.jp/,"￥2,000～￥2,999","￥1,000～￥1,999",3.49
食いしん坊★隊長(22),https://tabelog.com/rvwr/001332854/,102,麺処 元気屋,埼玉県鶴ヶ島市藤金274 ,"つけ麺、ラーメン、居酒屋
",-,不定休,http://men-genki.com/,～￥999,～￥999,3.52
食いしん坊★隊長(22),https://tabelog.com/rvwr/001332854/,103,中華そば 四つ葉,埼玉県比企郡川島町伊草298-20 ,"ラーメン、つけ麺、寿司
",-,火曜日,https://yotsubasoba.com/,"￥1,000～￥1,999","￥1,000～￥1,999",3.79
食いしん坊★隊長(22),https://tabelog.com/rvwr/001332854/,104,ヤハラテナ,埼玉県飯能市美杉台1-1 美杉台フォーラム 生活の木,"自然食、レストラン（その他）、パン
",-,月曜日(祝祭日を除く),,-,"￥1,000～￥1,999",3.43
食いしん坊★隊長(22),https://tabelog.com/rvwr/001332854/,105,チックタック・ダイナー,千葉県浦安市舞浜2-11 ディズニーアンバサダーホテル,"カフェ、パン、ケーキ
",-,無休,http://www.disneyhotels.jp/,"￥1,000～￥1,999","￥1,000～￥1,999",3.45
食いしん坊★隊長(22),https://tabelog.com/rvwr/001332854/,106,こめらく 贅沢な、お茶漬け日和。 ルミネエスト新宿店,東京都新宿区新宿3-38-1 ルミネエスト新宿店 7F,"和食（その他）、丼もの（その他）、海鮮丼
",-,不定休（施設の営業日に準ずる）,,"￥1,000～￥1,999","￥1,000～￥1,999",3.07
食いしん坊★隊長(22),https://tabelog.com/rvwr/001332854/,107,焼肉・韓国料理 KollaBo 池袋店,東京都豊島区東池袋1-5-7 ヤマダ電機LABI日本総本店池袋 7F,"韓国料理、焼肉、サムギョプサル
",03-5944-9211,年中無休,http://shop.kollabo.co.jp/ikebukuro/,"￥3,000～￥3,999","￥1,000～￥1,999",3.33
食いしん坊★隊長(22),https://tabelog.com/rvwr/001332854/,108,Cafe de 武,東京都渋谷区神宮前6-6-2 原宿ベルピア　１Ｆ,"カフェ、ダイニングバー、ケーキ
",-,水曜日,,"￥3,000～￥3,999",～￥999,3.29
食いしん坊★隊長(22),https://tabelog.com/rvwr/001332854/,109,鮨政 西口店,埼玉県さいたま市大宮区桜木町2-5-19 鮨政ビル,"寿司、魚介料理・海鮮料理、割烹・小料理
",-,年中無休,https://omiya-sushimasa-nishiguchi.owst.jp,"￥6,000～￥7,999","￥1,000～￥1,999",3.46
食いしん坊★隊長(22),https://tabelog.com/rvwr/001332854/,110,マ・メール・ロワ,埼玉県狭山市中央1-48-15 ,"ケーキ、サンドイッチ
",-,,,～￥999,"￥1,000～￥1,999",3.14
食いしん坊★隊長(22),https://tabelog.com/rvwr/001332854/,111,メルシー クレープ,東京都目黒区緑が丘2-25-7 ラ・クール自由が丘　２Ｆ,"クレープ、洋菓子（その他）、カフェ
",-,不定休（スイーツフォレストに準ずる）,https://mercicrepe.official.ec/,"￥1,000～￥1,999",～￥999,3.41
食いしん坊★隊長(22),https://tabelog.com/rvwr/001332854/,112,焼肉やっちゃん,埼玉県坂戸市薬師町17-21 ,"焼肉、炭火焼き、定食・食堂
",-,毎週水曜日（祝日は営業）,,"￥4,000～￥4,999",-,3.18
食いしん坊★隊長(22),https://tabelog.com/rvwr/001332854/,113,GOOD MORNING CAFE 池袋ルミネ,東京都豊島区西池袋1-11-1 ルミネ池袋店 8F,"ピザ、イタリアン、カフェ
",-,ルミネの休館日に準ずる,http://www.gmc-ikebukuro.com/,"￥2,000～￥2,999","￥1,000～￥1,999",3.40
食いしん坊★隊長(22),https://tabelog.com/rvwr/001332854/,114,寿司茶屋 桃太郎 池袋西口店,東京都豊島区西池袋1-38-1 池袋YSステージ 2F,"寿司、魚介料理・海鮮料理、割烹・小料理
",-,無休,http://www.jf-service.jp/,"￥6,000～￥7,999",-,3.23
食いしん坊★隊長(22),https://tabelog.com/rvwr/001332854/,115,おぼんdeごはん ルミネ池袋店,東京都豊島区西池袋1-11-1 ルミネ池袋店 8F,"和食（その他）
",-,不定休（ルミネ池袋店に準ずる）,https://byo.co.jp/obon-de-gohan/,"￥1,000～￥1,999","￥1,000～￥1,999",3.07
食いしん坊★隊長(22),https://tabelog.com/rvwr/001332854/,116,モクオラ ディキシーダイナー ルミネ池袋店,東京都豊島区西池袋1-11-1 ルミネ池袋 8F,"ダイニングバー、パンケーキ、カフェ
",-,不定休(ルミネエストに準ずる),http://www.cardenas.co.jp/shop/mokuola-dexee-diner/mokuola-dexeediner--lumine-ikebukuro-.html,"￥1,000～￥1,999","￥1,000～￥1,999",3.29
食いしん坊★隊長(22),https://tabelog.com/rvwr/001332854/,117,kawara CAFE＆DINING 池袋店,東京都豊島区南池袋1-26-6 The SH oneビル 10F,"カフェ、居酒屋、和食（その他）
",-,無　※新型コロナウイルス感染防止の観点から、予告なく営業時間等が変更となる場合がございます。何卒ご理解の程宜しくお願い申し上げます。,http://www.sld-inc.com/,"￥3,000～￥3,999","￥1,000～￥1,999",3.09
食いしん坊★隊長(22),https://tabelog.com/rvwr/001332854/,118,ポーズ,東京都豊島区南池袋2-14-12 山口ビル　１Ｆ,"カフェ、アサイーボウル
",-,火曜日,http://cafepause.jp/,～￥999,"￥1,000～￥1,999",3.48
食いしん坊★隊長(22),https://tabelog.com/rvwr/001332854/,119,San Francisco Peaks,東京都渋谷区神宮前3-28-7 ,"アメリカ料理、パンケーキ、ハンバーガー
",03-5775-5707,年中無休(年末年始のみ休み),https://instagram.com/sanfranciscopeaks_restaurant?igshid=YmMyMTA2M2Y=,"￥3,000～￥3,999","￥1,000～￥1,999",3.54
食いしん坊★隊長(22),https://tabelog.com/rvwr/001332854/,120,鮨処 有馬,北海道札幌市中央区南3条西4 南3西4ビル4F,"寿司
",-,日曜日、祝日,,"￥15,000～￥19,999",-,4.06
食いしん坊★隊長(22),https://tabelog.com/rvwr/001332854/,121,アルペンジロー 本店,神奈川県横浜市中区弥生町3-26 ,"スープカレー、カレーライス、ステーキ
",045-261-4307,月曜定休（月曜祝日の場合営業、翌火曜休み）,http://alpinjiro.jp/,"￥2,000～￥2,999","￥1,000～￥1,999",3.74
食いしん坊★隊長(22),https://tabelog.com/rvwr/001332854/,122,ラブリー アイスクリーム,東京都目黒区緑が丘2-25-7 ラ･クール自由が丘　自由が丘スイーツフォレスト,"アイスクリーム
",-,無休,http://www.sweets-forest.com/,～￥999,-,3.21
食いしん坊★隊長(22),https://tabelog.com/rvwr/001332854/,123,ブロンソン,埼玉県所沢市緑町4-8-17 ,"つけ麺、ラーメン、油そば
",-,無休,http://www.shodo1.com/,～￥999,～￥999,3.31
食いしん坊★隊長(22),https://tabelog.com/rvwr/001332854/,124,熊本らーめん 育元 滑川本店,埼玉県比企郡滑川町羽尾4340-1 ,"ラーメン、つけ麺、餃子
",-,水曜日※祝日の場合は営業、振替休みありInstagramにお休み載せてます。,http://www.route254.com/ramen/ikugen/main.html,～￥999,～￥999,3.57
食いしん坊★隊長(22),https://tabelog.com/rvwr/001332854/,125,Jam3281,埼玉県ふじみ野市うれし野2-5-18 スズキビル　２Ｆ,"欧風カレー、カレーライス、洋食・欧風料理（その他）
",-,水曜日,http://www.jam3281.com/,"￥2,000～￥2,999","￥1,000～￥1,999",3.45
食いしん坊★隊長(22),https://tabelog.com/rvwr/001332854/,126,銀座天龍 東京ソラマチ店,東京都墨田区押上1-1-2 東京ソラマチ 6F,"餃子、中華料理
",-,年中無休（施設に準ずる）,http://www.tenryu-ginza.jp/,"￥2,000～￥2,999","￥1,000～￥1,999",3.49
食いしん坊★隊長(22),https://tabelog.com/rvwr/001332854/,127,築地虎杖　魚河岸千両,東京都中央区築地4-10-14 樋泉ビル　１Ｆ,"寿司、魚介料理・海鮮料理、海鮮丼
",-,当店は閉店いたしました,,"￥5,000～￥5,999","￥2,000～￥2,999",3.67
食いしん坊★隊長(22),https://tabelog.com/rvwr/001332854/,128,リベラ,埼玉県坂戸市薬師町11-8 ,"ステーキ、ハンバーグ
",-,毎週月曜日、火曜日,,-,"￥2,000～￥2,999",3.39
食いしん坊★隊長(22),https://tabelog.com/rvwr/001332854/,129,Jolly Jellyfish,北海道函館市宝来町9-6 ,"洋食、ステーキ、西洋各国料理（その他）
",-,木曜日,http://ameblo.jp/first-flashjolicali/,"￥2,000～￥2,999","￥1,000～￥1,999",3.06
食いしん坊★隊長(22),https://tabelog.com/rvwr/001332854/,130,センターストリート・コーヒーハウス,千葉県浦安市舞浜1-1 東京ディズニーランド,"カフェ、洋食
",-,無休,http://www.tokyodisneyresort.jp/restaurant/detail/str_id:CSC/,"￥1,000～￥1,999","￥2,000～￥2,999",3.47
食いしん坊★隊長(22),https://tabelog.com/rvwr/001332854/,131,麦の恵,埼玉県川越市砂新田80-14 ,"ラーメン、つけ麺
",-,不定休,,-,～￥999,3.08
食いしん坊★隊長(22),https://tabelog.com/rvwr/001332854/,132,紅亭,埼玉県さいたま市大宮区桜木町1-3-3 ,"洋食、オムライス
",-,日曜日,,"￥2,000～￥2,999",-,3.48
食いしん坊★隊長(22),https://tabelog.com/rvwr/001332854/,133,マンチズ バーガー シャック,東京都港区芝2-26-1 i・smartビル 1F・2F,"ハンバーガー、アメリカ料理、ダイニングバー
",03-6435-3166,■原則毎週月曜日(年末年始やGWは除く）【12月の休業日】12/12、12/19、12/20、12/26、12/30、12/31※12/29は11:00～15:30L.O.パティ無くなるまで【年始の休業日】1/1～1/5(※1/6より営業開始)　1/10、1/16、1/23、1/30,http://www.munchs.jp/,"￥2,000～￥2,999","￥1,000～￥1,999",3.68
食いしん坊★隊長(22),https://tabelog.com/rvwr/001332854/,134,ジャワ,埼玉県川越市脇田町6-1 ,"カレーライス、欧風カレー、洋食
",-,水曜日,,～￥999,～￥999,3.43
食いしん坊★隊長(22),https://tabelog.com/rvwr/001332854/,135,BROWN RICE by Neal's Yard Remedies,東京都渋谷区神宮前5-1-8 1F ,"野菜料理、自然食、カフェ
",-,毎月第1火曜日、年末年始休業（12/30～1/4）,http://www.nealsyard.co.jp/brownrice/,-,"￥2,000～￥2,999",3.46
食いしん坊★隊長(22),https://tabelog.com/rvwr/001332854/,136,回し寿司 活 活美登利 西武池袋店,東京都豊島区南池袋1-28-1 西武池袋本店 8F,"回転寿司、魚介料理・海鮮料理、寿司
",-,無休,https://katumidori.co.jp/,"￥2,000～￥2,999","￥1,000～￥1,999",3.49
食いしん坊★隊長(22),https://tabelog.com/rvwr/001332854/,137,さっぽろ 香純 池袋店,東京都豊島区池袋2-18-2 オーロラビル 1F,"ラーメン
",-,年中無休,,～￥999,～￥999,3.00
食いしん坊★隊長(22),https://tabelog.com/rvwr/001332854/,138,ビアンデ さくら亭,長野県駒ヶ根市赤穂497 ,"馬肉料理、かつ丼・かつ重、豚しゃぶ
",-,無休,http://viande1129.com/,-,～￥999,3.24
食いしん坊★隊長(22),https://tabelog.com/rvwr/001332854/,139,AKDENIZ,東京都豊島区西池袋1-35-4 ネスパビル　Ｂ１Ｆ,"トルコ料理、西洋各国料理（その他）、居酒屋
",-,水曜日,http://www.akdeniz.jp,"￥3,000～￥3,999",-,3.08
食いしん坊★隊長(22),https://tabelog.com/rvwr/001332854/,140,阿里山cafe,埼玉県日高市高麗本郷185-2 ,"カフェ、ケーキ、自然食
",-,火曜・水曜,http://alishan-organics.com/Alishan2014_organics/about-alishan-cafe/,"￥2,000～￥2,999","￥1,000～￥1,999",3.60
食いしん坊★隊長(22),https://tabelog.com/rvwr/001332854/,141,アロハ テーブル カウカウ コーナー Echika池袋,東京都豊島区西池袋3-28-14 エチカ池袋,"ハワイ料理、パンケーキ、喫茶店
",-,無休,,"￥2,000～￥2,999","￥1,000～￥1,999",3.07
食いしん坊★隊長(22),https://tabelog.com/rvwr/001332854/,142,和食 藤川,埼玉県東松山市加美町11-35 ,"割烹・小料理、懐石・会席料理
",-,月曜日,,-,"￥1,000～￥1,999",3.06
食いしん坊★隊長(22),https://tabelog.com/rvwr/001332854/,143,キャンディスパイス モラージュ菖蒲店,埼玉県久喜市菖蒲町菖蒲3555 モラージュ菖蒲 1F,"スープカレー、カレー（その他）
",-,無休,http://www.shidashi-tamaki.co.jp/,"￥1,000～￥1,999","￥1,000～￥1,999",3.03
食いしん坊★隊長(22),https://tabelog.com/rvwr/001332854/,144,鎌倉bowls,神奈川県鎌倉市小町2-14-7 ,"カフェ、丼もの（その他）
",-,不定休,,"￥2,000～￥2,999","￥1,000～￥1,999",3.11
食いしん坊★隊長(22),https://tabelog.com/rvwr/001332854/,145,新宿ぱすたかん,東京都新宿区西新宿1-1-3 新宿ミロード 8F,"お好み焼き、もんじゃ焼き、焼肉
",03-3349-5859,不定休(ミロードの休館日に準ずる),http://www.towafood-net.co.jp,"￥2,000～￥2,999","￥1,000～￥1,999",3.11
食いしん坊★隊長(22),https://tabelog.com/rvwr/001332854/,146,ばんから 川越店,埼玉県川越市今福961-1 ,"ラーメン、つけ麺
",-,年中無休　（年末年始のみ、12/31大晦日22：00閉店＆1/1元旦休業）,http://www.ramen-bankara.com/,"￥1,000～￥1,999",～￥999,3.01
食いしん坊★隊長(22),https://tabelog.com/rvwr/001332854/,147,ごっつい 池袋店,東京都豊島区西池袋1-24-3 モンドーレビル　Ｂ１Ｆ,"お好み焼き、鉄板焼き、居酒屋
",03-3980-0538,無休,http://www.gottsui.net/,"￥3,000～￥3,999",-,3.08
食いしん坊★隊長(22),https://tabelog.com/rvwr/001332854/,148,奥芝商店 八王子田代城,東京都八王子市子安町4-5-5 ,"スープカレー、丼もの（その他）、アジア・エスニック料理（その他）
",-,月曜,http://www.okushiba-kokoroba.com,"￥1,000～￥1,999","￥1,000～￥1,999",3.74
食いしん坊★隊長(22),https://tabelog.com/rvwr/001332854/,149,イエローカンパニー 恵比寿本店,東京都渋谷区東3-14-19 オークヒルズ　１Ｆ,"スープカレー、カレー（その他）、カレーライス
",-,火曜日（臨時休業が年末年始）,http://www.yellowcompany.jp/,"￥2,000～￥2,999","￥1,000～￥1,999",3.73
食いしん坊★隊長(22),https://tabelog.com/rvwr/001332854/,150,プラスワン,埼玉県川越市石田69-3 ,"スープカレー
",-,月曜、火曜（祝日の場合は営業、翌日休みになる場合あり）,http://soupcurryplusone.hungry.jp/,-,"￥1,000～￥1,999",3.37
食いしん坊★隊長(22),https://tabelog.com/rvwr/001332854/,151,Paul Bassett 新宿,東京都新宿区西新宿1-26-2 新宿野村ビル B1F,"カフェ、ケーキ、パン・サンドイッチ（その他）
",03-5324-5090,無休,http://www.paulbassett.jp/store/shinjuku/,～￥999,～￥999,3.71
食いしん坊★隊長(22),https://tabelog.com/rvwr/001332854/,152,あかね寿司,埼玉県坂戸市芦山町4-1 小林ビル１F,"回転寿司、寿司
",-,水曜,,"￥1,000～￥1,999",-,3.47
食いしん坊★隊長(22),https://tabelog.com/rvwr/001332854/,153,ｃafe one,東京都目黒区自由が丘1-31-8 石川ビル 2F,"カフェ
",-,不定休,,-,～￥999,3.31
食いしん坊★隊長(22),https://tabelog.com/rvwr/001332854/,154,居酒屋ビッグ 新河岸駅前店,埼玉県川越市砂新田49-4 ,"居酒屋、焼鳥
",-,年始（23/1/1(日)-3(火)）,https://www.big-meat.jp/shop/detail/id=126,"￥2,000～￥2,999","￥2,000～￥2,999",3.06
食いしん坊★隊長(22),https://tabelog.com/rvwr/001332854/,155,フルーツケーキ ファクトリー 総本店,北海道札幌市中央区南1条西4 ,"ケーキ、カフェ、バイキング
",-,無休,http://www.fruitscakefactory.com,"￥3,000～￥3,999",～￥999,3.35
食いしん坊★隊長(22),https://tabelog.com/rvwr/001332854/,156,シェフ・ミッキー,千葉県浦安市舞浜2-11 ディズニーアンバサダーホテル 1F,"バイキング、パン
",-,無休,http://www.disneyhotels.jp/dah/restaurant/chef.html,"￥6,000～￥7,999","￥3,000～￥3,999",3.48
食いしん坊★隊長(22),https://tabelog.com/rvwr/001332854/,157,吉田商店,北海道函館市新川町24-1 ,"スープカレー
",-,不定休,http://yoshidashowten.com/,"￥1,000～￥1,999","￥1,000～￥1,999",3.51
食いしん坊★隊長(22),https://tabelog.com/rvwr/001332854/,158,白髭のシュークリーム工房,東京都杉並区高井戸東3-21-21 ,"洋菓子（その他）
",-,月曜（6、7、8月は月・火曜日定休）,http://www.shiro-hige.com/,-,～￥999,3.43
食いしん坊★隊長(22),https://tabelog.com/rvwr/001332854/,159,ベジダイニング 新宿店,東京都新宿区新宿3-35-11 タイムスビル　２Ｆ・３Ｆ,"野菜料理、ダイニングバー、創作料理
",-,無休,http://www.vegedining.jp/shinjyuku/,"￥3,000～￥3,999","￥1,000～￥1,999",3.07
食いしん坊★隊長(22),https://tabelog.com/rvwr/001332854/,160,fuu cafe,沖縄県国頭郡本部町瀬底557 ,"カフェ
",-,水曜日・木曜日1月1日～3日,,-,"￥1,000～￥1,999",3.55
食いしん坊★隊長(22),https://tabelog.com/rvwr/001332854/,161,キャンプ エクスプレス 池袋店,東京都豊島区南池袋1-28-2 JR池袋駅,"カレーライス、タイカレー、欧風カレー
",-,年中無休※年末年始・盆期間等、一部営業時間を変更する場合がある,http://www.nre.co.jp/shop/tabid/223/stoid/Ikebukuro/brnid/16/Default.aspx#dnn_TabTopPane,"￥1,000～￥1,999","￥1,000～￥1,999",3.44
食いしん坊★隊長(22),https://tabelog.com/rvwr/001332854/,162,木多郎 旭川店,北海道旭川市豊岡11条1-3-6 ,"スープカレー
",-,無休,http://www.kitaro-curry.com/,"￥1,000～￥1,999","￥1,000～￥1,999",3.07
食いしん坊★隊長(22),https://tabelog.com/rvwr/001332854/,163,エッグスンシングス 横浜山下公園店,神奈川県横浜市中区山下町11 スターホテル横浜 1F,"ハワイ料理、パンケーキ、カフェ
",-,不定休,http://www.eggsnthingsjapan.com/,-,"￥1,000～￥1,999",3.41
食いしん坊★隊長(22),https://tabelog.com/rvwr/001332854/,164,東京らっきょブラザーズ,東京都新宿区馬場下町61-9 山口ビル　１Ｆ,"スープカレー、カフェ、洋食
",03-5941-8455,毎月第二水曜日(年末年始は12月28日～1月3日にお休みをいただきます。),http://www.spicegogo.com/shop05.html,"￥1,000～￥1,999","￥1,000～￥1,999",3.67
食いしん坊★隊長(22),https://tabelog.com/rvwr/001332854/,165,きくよ食堂 ベイエリア店,北海道函館市豊川町12-9 函館ベイ美食倶楽部,"魚介料理・海鮮料理、海鮮丼、創作料理
",-,火曜日（祝・ＧＷ・８，９月、年末年始は除く）,http://www.hakodate-kikuyo.com,"￥2,000～￥2,999","￥1,000～￥1,999",3.48
食いしん坊★隊長(22),https://tabelog.com/rvwr/001332854/,166,カレー食堂 心 さいたま新都心店,埼玉県さいたま市中央区新都心10 けやきひろば さいたまスーパーアリーナ1F,"スープカレー
",-,無休　(年末年始休業あり),http://www.cocoro-soupcurry.com,"￥1,000～￥1,999",～￥999,3.38
食いしん坊★隊長(22),https://tabelog.com/rvwr/001332854/,167,あんぷく 池袋店,東京都豊島区西池袋1-37-8 ＪＰビル　１Ｆ,"うどん、居酒屋、カレーうどん
",03-6915-2646,年末年始【2022年12月29日～2023年1月4日ランチまでお休み】2023年は1月4日のディナー(17時)～,,"￥2,000～￥2,999",～￥999,3.65
食いしん坊★隊長(22),https://tabelog.com/rvwr/001332854/,168,ベッカライ・ブロートハイム,東京都世田谷区弦巻4-1-17 ,"パン、洋菓子（その他）、カフェ
",-,毎週月曜・月2～3回火曜・不定休あり,,～￥999,～￥999,3.76
食いしん坊★隊長(22),https://tabelog.com/rvwr/001332854/,169,満 曙橋本店,東京都新宿区住吉町8-10 ライオンズマンション 1F,"パン
",-,無休,http://www.hamada-ya.jp/index.html,～￥999,～￥999,3.69
食いしん坊★隊長(22),https://tabelog.com/rvwr/001332854/,170,バックアーリーカフェ,東京都新宿区住吉町10-13 KRビル1F,"カフェ、パスタ、イタリアン
",-,日曜はランチ営業のみ(11:00-17:00),http://www.backalley-cafe.com/,-,"￥1,000～￥1,999",3.07
食いしん坊★隊長(22),https://tabelog.com/rvwr/001332854/,171,ほとりカフェ,東京都新宿区四谷4丁目13 清水ビル１０２,"カフェ、喫茶店
",-,月曜日,,-,～￥999,3.05
食いしん坊★隊長(22),https://tabelog.com/rvwr/001332854/,172,全や連総本店 東京,東京都千代田区大手町1-7-2 東京サンケイビル B2Ｆ,"居酒屋、焼鳥
",-,不定休　2017/12/30～休業,http://www.zenkokuyakitori.com/,"￥3,000～￥3,999",～￥999,3.07
食いしん坊★隊長(22),https://tabelog.com/rvwr/001332854/,173,えびそば一幻 東武池袋店,東京都豊島区西池袋1-1-25 東武百貨店池袋店 レストラン街スパイス 12F,"ラーメン
",-,不定休(東武百貨店池袋店に準ずる),,-,～￥999,3.31
食いしん坊★隊長(22),https://tabelog.com/rvwr/001332854/,174,柿崎商店 海鮮工房,北海道余市郡余市町黒川町7-25 ,"魚介料理・海鮮料理、海鮮丼
",-,不定休,,"￥1,000～￥1,999","￥1,000～￥1,999",3.57
食いしん坊★隊長(22),https://tabelog.com/rvwr/001332854/,175,一番 新狭山,埼玉県狭山市新狭山2-6-2 １Ｆ,"ラーメン、つけ麺
",-,月曜日,,-,"￥1,000～￥1,999",3.23
食いしん坊★隊長(22),https://tabelog.com/rvwr/001332854/,176,ラーメン札幌一粒庵,北海道札幌市中央区北四条西1-1 ホクレンビル B1F,"ラーメン、餃子、薬膳
",-,年末年始は休業。毎週月曜・火曜の【夜】は定休。,https://www.ichiryuan.com/,～￥999,～￥999,3.62
食いしん坊★隊長(22),https://tabelog.com/rvwr/001332854/,177,イエロー,北海道札幌市中央区南三条西1-12-19 エルムビル　１Ｆ,"スープカレー、スープ
",-,不定休,http://www.yellow1996.com,"￥1,000～￥1,999",～￥999,3.70
食いしん坊★隊長(22),https://tabelog.com/rvwr/001332854/,178,山嵐黒虎,北海道札幌市中央区南三条西1-2-1 ,"ラーメン
",-,火曜日,http://best.miru-kuru.com/yamaarashi/index.html,～￥999,～￥999,3.58
食いしん坊★隊長(22),https://tabelog.com/rvwr/001332854/,179,スープカリー ヒリヒリ2号,北海道札幌市北区北6条西6-1-1 ＷＥＳＴ６,"スープカレー、カレー（その他）、ダイニングバー
",011-221-3607,年中無休※12月31日、1月1日は年末年始のお休みとさせていただきます。1月2日～　通常営業致します。,http://hirihiri.jp/,"￥1,000～￥1,999","￥1,000～￥1,999",3.61
食いしん坊★隊長(22),https://tabelog.com/rvwr/001332854/,180,スープカリー スアゲ プラス 本店,北海道札幌市中央区南4条西5 都志松ビル 2F,"スープカレー
",-,なし,http://www.suage.info,"￥1,000～￥1,999","￥1,000～￥1,999",3.71
食いしん坊★隊長(22),https://tabelog.com/rvwr/001332854/,181,阿左美冷蔵 寶登山道店,埼玉県秩父郡長瀞町大字長瀞781-4 ,"かき氷、甘味処
",-,火曜日、不定休(ブログにて告知),http://asamireizou.blog.jp/,-,"￥1,000～￥1,999",3.64
食いしん坊★隊長(22),https://tabelog.com/rvwr/001332854/,182,ラッキーピエロ 函館駅前店,北海道函館市若松町17-12 函館駅前棒二森屋本館 1F,"ハンバーガー、かつ丼・かつ重、カレーライス
",-,年中無休,http://www.luckypierrot.jp/,～￥999,～￥999,3.55
食いしん坊★隊長(22),https://tabelog.com/rvwr/001332854/,183,CURRY SHOP エス,北海道札幌市中央区南三条西4 シルバービル　Ｂ１Ｆ,"スープカレー、カレーライス、鍋（その他）
",011-219-1235,※しばらくの間は毎週水曜日(祝日は営業致します),http://www.curryshop-s.com/,"￥1,000～￥1,999","￥1,000～￥1,999",3.46
食いしん坊★隊長(22),https://tabelog.com/rvwr/001332854/,184,東京ドミニカ,東京都新宿区新宿3-31-1 第２大伸ビルB1F,"スープカレー、カレーライス、欧風カレー
",-,不定休,,"￥1,000～￥1,999",～￥999,3.65
食いしん坊★隊長(22),https://tabelog.com/rvwr/001332854/,185,マジックスパイス 東京下北沢店,東京都世田谷区北沢1-40-15 北沢ゴルフマンション 1F,"スープカレー、カレー（その他）
",-,火曜日、水曜日,http://www.magicspice.net/,"￥1,000～￥1,999",-,3.68
食いしん坊★隊長(22),https://tabelog.com/rvwr/001332854/,186,築地竹若 池袋店,東京都豊島区西池袋1-10-10 東武アネックス B1F,"懐石・会席料理、寿司、居酒屋
",-,年中無休　ビルメンテナンスに伴う定休日が年2回と元日となっております。,,"￥8,000～￥9,999","￥1,000～￥1,999",3.51
